{"cameraMode":{"drawMode":0,"name":"Shaded","section":"Shading Mode"},"sceneLighting":true,"audioPlay":false,"sceneViewState":{"showFog":false,"showMaterialUpdate":false,"showSkybox":false,"showFlares":false,"showImageEffects":false,"showParticleSystems":true},"in2DMode":false,"pivot":{"x":-0.6329357624053955,"y":0.49029457569122317,"z":0.2069082260131836},"rotation":{"x":-0.0853131115436554,"y":0.908094048500061,"z":-0.22686101496219636,"w":-0.34149810671806338},"size":3.787188768386841,"orthographic":false}